id,text,dept,urgent,needs_human,category,note
q001,御社の求人に興味があります。履歴書を添付します。,other,0,0,normal,spam/other
q002,大したことではないと思うのですが、他社の請求書が届きました。,billing,1,1,negation,
q003,急ぎではありませんが、請求書の宛名を変更したいです。,billing,0,0,negation,
q004,現在のプランから上位プランへ変更したいのですが、手続きを教えてください。,sales,0,0,normal,
q005,領収書の但し書きを変更してほしいです。,billing,0,0,normal,
q006,デモをお願いしたいのと、既存アカウントのエラーも見てほしいです。,sales,0,0,multi,sales+technical
q007,せいきゅうしょの金額がちがいます。かくにんおねがいします,billing,0,0,typo,
q008,請求書のPDFが開けません。,billing,0,0,boundary,billing/technical境界
q009,契約者名義を変更したいです。,billing,0,0,boundary,billing/sales境界
q010,本日15時ごろから、弊社の全ユーザーがダッシュボードにアクセスできない状況です。エラーメッセージは「503 Service Unavailable」です。弊社ではこのダッシュボードを顧客対応に使用しているため、業務に大きな影響が出ています。状況と復旧見込みを至急ご連絡ください。,technical,1,1,normal,long
q011,今契約しているプランを教えてください。,sales,0,0,boundary,sales/billing境界
q012,サービス全体がダウンしていて業務が止まっています。至急対応してください。,technical,1,1,normal,urgent
q013,領収書ほしいんだけど、どっから出せる？,billing,0,0,dialect,
q014,無料トライアルの期間を延長してもらえますか。,sales,0,0,normal,
q015,Enterprise planの見積もりをお願いします。,sales,0,0,multilingual,
q016,既存のシステムと連携できますか。Salesforceを使っています。,sales,0,0,boundary,sales/technical境界
q017,先月分の請求書の金額が契約内容と違っています。内訳を確認してもらえますか。,billing,0,0,normal,
q018,見ました,other,0,1,insufficient,
q019,SLA違反にあたると思いますので、返金と補償について協議したいです。,billing,0,1,boundary,needs_human
q020,解約手続きと、最終請求書の発行をお願いします。,sales,0,0,multi,sales+billing
q021,対応が丁寧すぎて1週間返事がありません。,other,0,1,sarcasm,
q022,特定のユーザーだけ画面が表示されません。,technical,0,0,normal,
q023,プランへんこうしたい,sales,0,0,typo,
q024,領収書をPDFで発行してほしいです。宛名は株式会社サンプルでお願いします。,billing,0,0,normal,
q025,競合サービスとの機能比較資料はありますか。,sales,0,0,normal,
q026,ユーザーを10名追加したいです。料金はどうなりますか。,sales,0,0,normal,
q027,請求書の金額、なんかおかしいねんけど見てもらえへん？,billing,0,0,dialect,
q028,管理者権限を別の人に移したいです。,technical,0,0,normal,
q029,Je voudrais un devis pour 100 utilisateurs.,sales,0,0,multilingual,
q030,担当営業の方の連絡先を教えてください。,sales,0,0,boundary,sales/other境界
q031,料金の改定はいつからですか。,billing,0,0,boundary,billing/sales境界
q032,メンテナンスの予定はありますか。,technical,0,0,normal,
q033,二重に引き落とされているようです。返金をお願いします。,billing,1,1,normal,
q034,障害で発生した損害について、法的措置を検討しています。,other,1,1,boundary,needs_human
q035,API連携の料金体系を教えてください。,sales,0,0,boundary,technical/sales境界
q036,今日が支払期限ですが、振込先口座がわかりません。,billing,1,0,normal,urgent
q037,領収書ください🙇‍♂️,billing,0,0,emoji,
q038,パスワードリセットのメールが迷惑メールにも見当たりません。,technical,0,0,normal,
q039,御社のサービスは医療情報を扱えますか。,sales,0,1,normal,
q040,解約したのに請求が来ました。,billing,1,1,boundary,sales/billing境界
q041,返金は不要です。二重請求の原因だけ教えてください。,billing,0,0,negation,
q042,退会したいです。データは全部消してください。,other,0,1,normal,
q043,プラン変更したいです✨ 手続き教えてください😊,sales,0,0,emoji,
q044,値上げのお知らせ、拝見しました。競合に乗り換えます。,sales,0,1,sarcasm,
q045,プランを変更したいのですが、その前に今月の請求がどうなるか知りたいです。,sales,0,0,multi,sales+billing
q046,2かい引き落とされてます。へんきんしてください,billing,1,1,typo,
q047,経理担当の佐藤です。来月から支払いサイトを月末締め翌月末払いに変更したいのですが、可能でしょうか。また、請求書の発行タイミングも合わせて変更いただけると助かります。,billing,0,0,normal,long
q048,素晴らしいですね、3回目の二重請求です。今回も「確認します」で終わりですか。,billing,1,1,sarcasm,
q049,導入前にデモを見せていただくことは可能でしょうか。,sales,0,0,normal,
q050,いつもお世話になっております。株式会社サンプルの田中です。先日ご提案いただいたエンタープライズプランについて社内で検討した結果、来期からの導入で進めたいと考えております。つきましては正式な見積書と契約書のひな形をお送りいただけますでしょうか。,sales,0,0,normal,long
q051,領収書の再発行と、メルマガの停止をお願いします。,billing,0,0,multi,billing+other
q052,トライアル中にエラーが出て試せません。,technical,0,0,boundary,sales/technical境界
q053,メルマガの配信を停止してください。,other,0,0,normal,
q054,こんにちは,other,0,1,insufficient,
q055,動きません,technical,0,1,insufficient,
q056,セキュリティチェックシートに記入してもらえますか。,sales,0,1,boundary,sales/technical境界
q057,これって大丈夫ですか？,other,0,1,insufficient,
q058,デモ見せてもらうことってできるっすか？,sales,0,0,dialect,
q059,支払いを銀行振込に変えたいです。,billing,0,0,normal,
q060,決済が失敗してサービスが停止されました。今日中に復旧しないと業務に支障が出ます。,billing,1,1,normal,urgent
q061,見積もりをおねがいしたいです。ゆーざー数は50めいです,sales,0,0,typo,
q062,報道機関です。先日の障害についてコメントをいただけますか。,other,1,1,boundary,needs_human
q063,見積もりをください。あと、トライアル環境で500エラーが出ています。,sales,0,0,multi,sales+technical
q064,至急,other,1,1,insufficient,
q065,有料プランに変更したのに機能が使えません。,technical,0,0,boundary,billing/technical境界
q066,画面が英語になってしまいました。日本語に戻す方法は？,technical,0,0,normal,
q067,請求書の送付先メールアドレスを変更したいです。,billing,0,0,normal,
q068,請求額が倍になってる😱 確認お願いします🙏,billing,1,0,emoji,
q069,2要素認証を全社員に強制したいです。,technical,0,0,normal,
q070,障害ではなさそうですが、たまに画面が重く感じます。急ぎません。,technical,0,0,negation,
q071,先ほど送った問い合わせは取り消してください。解決しました。,other,0,0,normal,
q072,無料プランと有料プランの違いは何ですか。,sales,0,0,normal,
q073,フリープランのままで使い続けることはできますか。,sales,0,0,normal,
q074,さすが、また障害ですか。毎週楽しみにしています。,technical,1,1,sarcasm,
q075,同じ内容の請求書が2通届きました。どちらが正しいですか。,billing,0,0,normal,
q076,解約したいんだけど、どうすりゃいい？,sales,0,0,dialect,
q077,顧客データが他のユーザーから見えている可能性があります。すぐに確認してください。,technical,1,1,normal,urgent
q078,Invoiceの金額が間違っています。Please check.,billing,0,0,multilingual,
q079,御社のサービスを再販したいのですが、パートナー制度はありますか。,sales,0,0,normal,
q080,SEO対策で御社サイトを1位にします。今なら初月無料。,other,0,0,normal,spam/other
q081,APIのレスポンスが今朝から500エラーを返し続けています。本番に影響が出ています。,technical,1,1,normal,
q082,本番環境のデータが誤って削除されました。復旧できますか。,technical,1,1,normal,urgent
q083,御社と共同でウェビナーを開催したいです。,other,0,1,normal,
q084,御社の記事を弊社メディアで紹介したいのですが、掲載許可をいただけますか。,other,0,0,normal,spam/other
q085,怒っているわけではないですが、対応が遅いと感じています。,other,0,1,negation,
q086,複数年契約の割引はありますか。,sales,0,0,normal,
q087,何度言えばわかるんですか。請求書の宛名が違うと3回言っています。,billing,0,1,sarcasm,
q088,アプリが落ちるっちゃけど、なんとかならん？,technical,0,0,dialect,
q089,Login failed のエラーが出ます。急ぎです。,technical,1,0,multilingual,
q090,御社の担当者が変わったと聞きました。新しい方を教えてください。,sales,0,0,normal,
q091,アンケートにご協力ください。所要時間は3分です。,other,0,0,normal,spam/other
q092,御社の担当者から不適切な発言を受けました。責任者と話したいです。,other,1,1,boundary,needs_human
q093,通知が来なくなった🤔 設定は変えてないです,technical,0,0,emoji,
q094,APIキーを再発行してください。,technical,0,0,normal,
q095,お世話になっております。9月分の請求書を確認したところ、8月に解約した3アカウント分の料金が含まれておりました。解約手続きは8/20に完了しており、控えも保管しております。訂正した請求書の再発行をお願いいたします。,billing,0,1,normal,long
q096,契約更新の時期を教えてください。,sales,0,0,normal,
q097,通知来ないんだけどマジで困ってる。今日中に直る？,technical,1,0,dialect,
q098,"Hi, I can't access my dashboard since this morning. Please help.",technical,1,0,multilingual,
q099,返金はいつ振り込まれますか。,billing,0,0,normal,
q100,APIのれすぽんすがおそいです。きのうから,technical,0,0,typo,
q101,御社のオフィスの住所を教えてください。,other,0,0,normal,
q102,よろしくお願いします。,other,0,1,insufficient,
q103,問題は解決しました。念のため原因を教えてもらえますか。,technical,0,0,negation,
q104,ログインできへんくなったんやけど、どうしたらええ？,technical,1,0,dialect,
q105,プラン上げたいんやけど、なんぼになる？,sales,0,0,dialect,
q106,個人情報を含むファイルを誤って共有リンクで公開してしまいました。無効化してください。,technical,1,1,normal,urgent
q107,ダウンロードしたファイルがウイルス対策ソフトに引っかかります。,technical,1,1,normal,
q108,スマホアプリで通知が届かなくなりました。設定は変えていません。,technical,0,0,normal,
q109,契約書の内容に法的な疑義があります。法務の方につないでください。,sales,0,1,boundary,needs_human
q110,エンタープライズプランの見積もりをお願いします。ユーザー数は300名です。,sales,0,0,normal,
q111,?,other,0,1,insufficient,
q112,請求書に記載の利用量が実際より多い気がします。ログで確認できますか。,billing,0,0,boundary,billing/technical境界
q113,ログインできない😭 急ぎです！！,technical,1,0,emoji,
q114,年額プランに切り替えた場合、日割り計算はどうなりますか。,billing,0,0,normal,
q115,いい加減にしてください。ログインできない状態が2日続いています。,technical,1,1,sarcasm,
q116,明日の役員会でデモを行うので、本日中にアカウントを発行してもらえますか。,sales,1,0,normal,urgent
q117,あれの続きです,other,0,1,insufficient,
q118,エラーは出ていません。ただ、この挙動が正しいのか確認したいです。,technical,0,0,negation,
q119,請求書の消費税の計算が間違っている気がします。,billing,0,0,normal,
q120,退会するつもりはないのですが、プランを下げる方法はありますか。,sales,0,0,negation,
q121,ダッシュボードのグラフが昨日から更新されていません。,technical,0,0,normal,
q122,急ぎでなくて構いませんが、本番でデータが消えているのは確認してほしいです。,technical,1,1,negation,
q123,2段階認証のコードが届きません。,technical,1,0,normal,
q124,Webhookの設定方法を教えてください。ドキュメントのどこを見ればいいですか。,technical,0,0,normal,
q125,見積もりは今は要りません。機能一覧だけ送ってもらえますか。,sales,0,0,negation,
q126,デモ希望です🙌 来週どこか空いてますか？,sales,0,0,emoji,
q127,弊社の顧客から、御社経由で情報が漏れたのではと問い合わせがありました。,technical,1,1,boundary,needs_human
q128,退職した社員のアカウントを削除してください。,technical,0,0,normal,
q129,特に困ってはいないのですが、ログイン画面のデザインが変わったのは仕様ですか。,technical,0,0,negation,
q130,導入事例を教えてください。,sales,0,0,normal,
q131,ろぐいんできません。ぱすわーどはあってます,technical,1,0,typo,
q132,契約期間の途中で解約した場合、違約金はありますか。,sales,0,0,normal,
q133,緊急ではないです。来月の契約更新について相談したいだけです。,sales,0,0,negation,
q134,クレジットカードの有効期限が切れたので、支払い方法を変更したいです。,billing,0,0,normal,
q135,先日の件、どうなりましたか。,other,0,1,insufficient,
q136,请问账单金额为什么增加了？,billing,0,0,multilingual,
q137,支払いが完了したのにアカウントが有効になりません。,billing,1,0,boundary,billing/technical境界
q138,いつもお世話になっております。御社サービスの利用を検討している者です。現在、社内で複数のツールを比較しており、セキュリティ面（データの保存場所、暗号化、SOC2の取得状況）について詳しく伺いたく、ご担当者様との打ち合わせをお願いできますでしょうか。,sales,0,0,normal,long
q139,プランを上げたら請求額はいくらになりますか。,sales,0,0,boundary,sales/billing境界
q140,御社への支払いが遅れそうです。猶予をもらえますか。,billing,0,1,normal,
q141,データのバックアップは自動で取られていますか。,technical,0,0,normal,
q142,契約書のドラフトに技術要件を追記してほしいです。,sales,0,1,boundary,sales/legal境界
q143,見積書の金額が提案時と違います。,sales,0,0,boundary,sales/billing境界
q144,プレスリリースの掲載依頼はどちらに送ればよいですか。,other,0,0,normal,
q145,ログインしようとすると「認証エラー」と表示されて入れません。,technical,1,0,normal,
q146,CSVエクスポートを実行しても空のファイルがダウンロードされます。,technical,0,0,normal,
q147,先週問い合わせた件（チケット番号 #48213）ですが、まだ回答をいただけていません。内容はCSVインポート時に文字化けが発生するというもので、業務上の緊急性は高くありませんが、進捗だけでも教えていただけると助かります。,technical,0,0,normal,long
q148,採用に応募したいのですが、どこから応募できますか。,other,0,0,normal,
q149,画像アップロードの上限サイズはいくつですか。,technical,0,0,normal,
q150,利用規約の改定日はいつですか。,other,0,0,normal,
